{
    "ru": {
        "welcome": "Добро пожаловать",
        "login": "Войти",
        "register": "Регистрация",
        "logout": "Выйти",
        "add_recipe": "Добавить рецепт",
        "my_profile": "Мой профиль",
        "settings": "Настройки",
        "recipes": "Рецепты",
        "details": "Подробнее",
        "ingredients": "Ингредиенты",
        "steps": "Пошаговая инструкция",
        "cooking_time": "Время готовки",
        "minutes": "мин.",
        "servings": "Порции",
        "author": "Автор",
        "edit_profile": "Редактировать профиль",
        "save": "Сохранить",
        "cancel": "Отмена",
        "create_title": "Создание шедевра",
        "recipe_name": "Название блюда",
        "recipe_desc": "Краткое описание",
        "main_photo": "Главное фото",
        "gallery": "Галерея (макс 10)",
        "add_ingredient_btn": "+ Ингредиент",
        "add_step_btn": "+ Шаг",
        "step_placeholder": "Опишите действие...",
        "ing_name": "Название продукта",
        "ing_amount": "Кол-во",
        "ing_weight": "Вес (г)",
        "footer": "FoodReciper. Платформа для гурманов.",
        "search": "Поиск рецептов...",
        "age": "Возраст",
        "password_change": "Смена пароля (необязательно)",
        "old_password": "Старый пароль",
        "new_password": "Новый пароль"
    },
    "en": {
        "welcome": "Welcome",
        "login": "Login",
        "register": "Sign Up",
        "logout": "Logout",
        "add_recipe": "Add Recipe",
        "my_profile": "My Profile",
        "settings": "Settings",
        "recipes": "Recipes",
        "details": "Details",
        "ingredients": "Ingredients",
        "steps": "Instructions",
        "cooking_time": "Cooking Time",
        "minutes": "min.",
        "servings": "Servings",
        "author": "Author",
        "edit_profile": "Edit Profile",
        "save": "Save",
        "cancel": "Cancel",
        "create_title": "Create a Masterpiece",
        "recipe_name": "Dish Name",
        "recipe_desc": "Short Description",
        "main_photo": "Main Photo",
        "gallery": "Gallery (max 10)",
        "add_ingredient_btn": "+ Ingredient",
        "add_step_btn": "+ Step",
        "step_placeholder": "Describe the action...",
        "ing_name": "Product Name",
        "ing_amount": "Qty",
        "ing_weight": "Weight (g)",
        "footer": "FoodReciper. Gourmet Platform.",
        "search": "Search recipes...",
        "age": "Age",
        "password_change": "Change Password (Optional)",
        "old_password": "Old Password",
        "new_password": "New Password"
    }
}
